full_name,default_branch,releases_janela,deployment_frequency_semana,lead_time_a_horas,lead_time_b_horas,releases_avaliadas,releases_sem_anterior,releases_compare_falho,releases_sem_commits,releases_commits_truncados,commits_avaliados,commits_data_invalida,runs_total,runs_sucesso,runs_falha,runs_ignorados,cfr_a,recuperacao_horas,episodios,episodios_censurados,proporcao_censurados,falhas_sem_inicio,intervalos_runs,intervalos_no_teto,classe_frequencia,classe_lead_time,classe_cfr,classe_recuperacao,classe_geral,metricas_classificadas
2dust/v2rayN,master,29,0.5562,167.89,175.35,29,0,0,0,0,692,0,2636,2613,23,0,0.0087,3.52,17,0,0.0,0,13,0,Medium,High,Elite,High,High,4
addyosmani/agent-skills,main,13,0.2493,1008.84,193.5,12,1,0,0,0,487,0,206,206,0,0,0.0,,0,0,,0,13,0,Medium,Low,Elite,,Medium,3
affaan-m/ECC,main,18,0.3452,285.08,326.37,17,1,0,0,0,3027,1,2007,609,628,770,0.5077,2.79,72,1,0.0139,37,13,0,Medium,Medium,Low,High,Medium,4
ant-design/ant-design,master,44,0.8438,249.98,673.62,44,0,0,0,0,5069,0,7075,6172,164,739,0.0259,2.97,117,1,0.0085,0,13,0,Medium,Medium,Elite,High,Medium,4
axios/axios,v1.x,24,0.4603,31057.95,11331.2,24,0,0,0,0,5108,0,761,750,7,4,0.0092,,0,0,,7,13,0,Medium,Low,Elite,,Medium,3
bitcoin/bitcoin,master,11,0.211,13820.34,6884.97,11,0,0,0,0,13841,0,1359,1286,68,5,0.0502,3.1,51,1,0.0196,0,13,0,Low,Low,Elite,High,Medium,4
browser-use/browser-use,main,50,0.9589,196.78,90.38,50,0,0,0,0,3540,0,3676,3351,217,108,0.0608,5.1,40,1,0.025,6,13,0,Medium,Medium,Elite,High,Medium,4
caddyserver/caddy,master,5,0.0959,1483.75,762.58,5,0,0,0,0,382,0,1396,1362,34,0,0.0244,20.62,21,0,0.0,0,13,0,Low,Low,Elite,High,Medium,4
clash-verge-rev/clash-verge-rev,dev,11,0.211,885.58,582.9,11,0,0,0,0,1747,0,59,55,4,0,0.0678,0.3,2,0,0.0,1,13,0,Low,Low,Elite,Elite,Medium,4
coder/code-server,main,47,0.9014,139.45,69.14,47,0,0,0,0,308,0,406,272,74,60,0.2139,3.41,47,2,0.0426,4,13,0,Medium,High,High,High,High,4
Comfy-Org/ComfyUI,master,74,1.4192,119.03,82.89,74,0,0,0,0,2058,0,11241,10319,752,170,0.0679,2.39,16,1,0.0625,1,17,0,High,High,Elite,High,High,4
D4Vinci/Scrapling,main,24,0.4603,251.52,61.88,24,0,0,0,0,806,0,74,70,3,1,0.0411,80.84,2,0,0.0,0,13,0,Medium,Medium,Elite,Medium,Medium,4
DietrichGebert/ponytail,main,17,0.326,6.13,96.85,16,1,0,0,0,217,0,169,165,4,0,0.0237,1.58,1,0,0.0,0,13,0,Medium,Elite,Elite,High,High,4
Egonex-AI/Understand-Anything,main,8,0.1534,219.61,168.21,7,1,0,0,0,545,0,147,127,15,5,0.1056,36.48,10,0,0.0,2,13,0,Low,Medium,Elite,Medium,Medium,4
farion1231/cc-switch,main,44,0.8438,179.1,97.12,44,0,0,0,0,2200,0,511,381,58,72,0.1321,7.86,27,0,0.0,4,13,0,Medium,Medium,Elite,High,Medium,4
fatedier/frp,dev,9,0.1726,587.05,307.37,9,0,0,0,0,167,0,169,166,2,1,0.0119,5.99,2,0,0.0,0,13,0,Low,Medium,Elite,High,Medium,4
gohugoio/hugo,master,42,0.8055,108.29,117.73,42,0,0,0,0,814,0,672,569,101,2,0.1507,9.02,73,0,0.0,0,13,0,Medium,High,High,High,High,4
Graphify-Labs/graphify,v8,220,4.2192,13.06,13.31,200,1,0,19,0,2620,0,591,581,10,0,0.0169,0.62,6,0,0.0,0,13,0,High,Elite,Elite,Elite,Elite,4
harry0703/MoneyPrinterTurbo,main,11,0.211,451.42,172.52,11,0,0,0,0,430,2,653,554,13,86,0.0229,0.31,12,0,0.0,0,13,0,Low,Medium,Elite,Elite,High,4
jesseduffield/lazygit,master,17,0.326,605.04,356.64,17,0,0,0,0,1356,0,1109,1096,13,0,0.0117,0.49,13,0,0.0,0,13,0,Medium,Medium,Elite,Elite,High,4
JuliusBrussee/caveman,main,42,0.8055,39.25,29.34,32,1,0,9,0,815,0,272,182,69,21,0.2749,0.72,18,1,0.0556,1,13,0,Medium,High,High,Elite,High,4
junegunn/fzf,master,14,0.2685,441.33,204.49,14,0,0,0,0,388,0,480,474,6,0,0.0125,1.44,5,0,0.0,0,13,0,Medium,Medium,Elite,High,Medium,4
langflow-ai/langflow,main,41,0.7863,165.41,476.76,40,0,0,1,0,3349,44,988,948,34,6,0.0346,,0,0,,34,13,0,Medium,High,Elite,,High,3
laravel/laravel,13.x,28,0.537,170.92,167.37,28,0,0,0,0,127,0,54,52,2,0,0.037,,0,0,,2,13,0,Medium,Medium,Elite,,Medium,3
mattpocock/skills,main,7,0.1342,4.73,147.27,6,1,0,0,0,288,0,120,107,13,0,0.1083,1.08,7,0,0.0,0,13,0,Low,Elite,Elite,High,High,4
microsoft/PowerToys,main,15,0.2877,232.68,520.45,15,0,0,0,0,1479,0,895,764,31,100,0.039,122.26,3,2,0.6667,0,13,0,Medium,Medium,Elite,Medium,Medium,4
microsoft/terminal,main,9,0.1726,2446.57,5398.22,9,0,0,0,0,585,0,324,296,3,25,0.01,51.86,2,0,0.0,0,13,0,Low,Low,Elite,Medium,Low,4
modelcontextprotocol/servers,main,8,0.1534,1155.12,720.16,8,0,0,0,0,616,0,551,507,28,16,0.0523,30.66,6,0,0.0,1,13,0,Low,Low,Elite,Medium,Low,4
mrdoob/three.js,dev,6,0.1151,1774.59,836.39,6,0,0,0,0,2102,4,2077,2077,0,0,0.0,,0,0,,0,13,0,Low,Low,Elite,,Low,3
NationalSecurityAgency/ghidra,master,10,0.1918,16747.39,2277.65,10,0,0,0,0,2369,0,187,184,3,0,0.016,29.51,3,0,0.0,0,13,0,Low,Low,Elite,Medium,Low,4
nextlevelbuilder/ui-ux-pro-max-skill,main,41,0.7863,2.85,19.32,40,1,0,0,0,207,0,277,192,85,0,0.3069,29.77,13,3,0.2308,20,13,0,Medium,Elite,Medium,Medium,Medium,4
NousResearch/hermes-agent,main,36,0.6904,1932.88,108.49,35,1,0,0,1,39524,0,46355,22318,4014,20023,0.1524,0.53,1025,4,0.0039,244,77,0,Medium,Low,High,Elite,Medium,4
nvm-sh/nvm,master,5,0.0959,2904.92,588.53,5,0,0,0,0,161,0,1189,1164,16,9,0.0136,4.61,8,0,0.0,0,13,0,Low,Low,Elite,High,Medium,4
open-webui/open-webui,main,42,0.8055,42.82,96.56,42,0,0,0,0,5168,3,284,251,29,4,0.1036,22.74,20,0,0.0,5,13,0,Medium,High,Elite,High,High,4
opendatalab/MinerU,master,62,1.189,59.72,142.78,62,0,0,0,0,2920,0,188,167,19,2,0.1022,34.7,4,0,0.0,10,13,0,High,High,Elite,Medium,High,4
OpenHands/OpenHands,main,62,1.189,48.25,236.35,62,0,0,0,0,3107,0,15607,14649,597,361,0.0392,2.08,304,1,0.0033,126,27,0,High,High,Elite,High,High,4
PaddlePaddle/PaddleOCR,main,9,0.1726,1313.73,1115.07,9,0,0,0,0,230,0,793,646,146,1,0.1843,109.47,27,1,0.037,25,13,0,Low,Low,High,Medium,Low,4
Panniantong/Agent-Reach,main,7,0.1342,86.98,124.88,6,1,0,0,0,198,0,173,166,7,0,0.0405,0.07,3,0,0.0,0,13,0,Low,High,Elite,Elite,High,4
pbakaus/impeccable,main,77,1.4767,11.97,51.75,54,1,0,22,0,1578,12,1190,840,43,307,0.0487,0.95,30,1,0.0333,0,13,0,High,Elite,Elite,Elite,Elite,4
rtk-ai/rtk,develop,86,1.6493,22.21,110.28,84,1,1,0,0,2158,0,418,337,3,78,0.0088,13.0,3,0,0.0,0,13,0,High,Elite,Elite,High,High,4
rustdesk/rustdesk,master,8,0.1534,979.62,510.24,8,0,0,0,0,775,0,1392,1153,144,95,0.111,7.08,92,0,0.0,0,13,0,Low,Low,Elite,High,Medium,4
shadcn-ui/ui,main,67,1.2849,103.06,59.48,63,0,0,4,0,1542,0,1306,1129,177,0,0.1355,31.9,30,0,0.0,3,13,0,High,High,Elite,Medium,High,4
Significant-Gravitas/AutoGPT,master,48,0.9205,167.85,97.0,48,0,0,0,0,2230,0,825,757,68,0,0.0824,44.9,18,1,0.0556,18,13,0,Medium,High,Elite,Medium,Medium,4
syncthing/syncthing,main,11,0.211,997.98,430.99,11,0,0,0,0,232,0,416,383,33,0,0.0793,28.72,20,0,0.0,0,13,0,Low,Low,Elite,Medium,Low,4
tailwindlabs/tailwindcss,main,14,0.2685,396.79,7058.13,14,0,0,0,0,1739,0,1173,996,86,91,0.0795,5.04,46,0,0.0,1,13,0,Medium,Medium,Elite,High,Medium,4
tt-a1i/archify,main,19,0.3644,31.41,195.7,18,1,0,0,0,836,0,183,157,25,1,0.1374,2.6,15,0,0.0,0,13,0,Medium,High,Elite,High,High,4
ventoy/Ventoy,master,10,0.1918,155.58,8.01,10,0,0,0,0,92,0,166,164,2,0,0.012,9.96,2,0,0.0,0,13,0,Low,High,Elite,High,High,4
yt-dlp/yt-dlp,master,14,0.2685,396.67,148.22,14,0,0,0,0,470,0,2094,1885,14,195,0.0074,0.9,9,0,0.0,1,13,0,Medium,Medium,Elite,Elite,High,4
